[{"@type":"mappingTemplate","id":"@1","name":"Mapping_RESTV2","description":"","autoExpireObject":false,"bundleVersion":"0","assetFrsGuid":"0CyXuf4YZtYjh6ocZ7ACct","templateId":"@3","hasParameters":false,"valid":true,"fixedConnection":true,"hasParametersDeployed":false,"fixedConnectionDeployed":false,"isSchemaValidationEnabled":false,"tasks":0,"mappingPreviewFileRecordId":"@2","documentType":"MAPPING","allowMaxFieldLength":false,"specialCharacterSupport":false,"references":[{"@type":"reference","refObjectId":"@2WN7PgGQrEuh5CsAwOriaL","refType":"connection"},{"@type":"reference","refObjectId":"@9ZbVwFkNtz8gkt8hys8tCz","refType":"connection"}]}]